N,rank,admis,levels,construct_error,solve_error
800,5,1,100,3,2.40569e-09,0.00266421
1600,5,1,100,4,8.61523e-10,0.000703613
3200,5,1,100,5,2.23823e-10,0.000263947
6400,5,1,100,6,5.12131e-11,6.26795e-05
